epoch,lr,loss_train,loss_val,fbeta_best,threshold_best,accuracy
1,3.0000000000000004e-07,1.5487420522436803,1.3979384064674378,0.13712745904922485,0.2599999999999999,0.43733207970612753
