loss_val,fbeta_best,threshold,accuracy
0.32609701582363676,0.7914078831672668,0.9600000000000002,0.9016604767375105
