{"train/loss": 0.5877, "train/learning_rate": 2.998904143820745e-05, "train/epoch": 1.35, "train/global_step": 1200, "_timestamp": 1695474478.609486, "_runtime": 8442.310130119324, "_step": 5, "_wandb": {"runtime": 9796}}